,City,Country,Lat,Lng,Max Temp,Humidity,Cloudiness,Wind Speed,Current Description
0,Bredasdorp,ZA,-34.5322,20.0403,65.28,88,13,5.75,few clouds
1,New Norfolk,AU,-42.7826,147.0587,77.88,31,0,3.0,clear sky
2,Kapaa,US,22.0752,-159.319,80.58,72,40,1.01,scattered clouds
3,Kokkola,FI,63.8385,23.1307,30.92,92,75,4.0,broken clouds
4,Butaritari,KI,3.0707,172.7902,81.84,76,71,15.43,moderate rain
5,Saint George,US,37.1041,-113.5841,54.19,24,0,1.01,clear sky
6,Rikitea,PF,-23.1203,-134.9692,79.02,72,16,18.75,few clouds
7,Pevek,RU,69.7008,170.3133,-23.37,98,27,0.92,scattered clouds
8,Lebu,CL,-37.6167,-73.65,59.22,92,3,15.41,clear sky
9,Ribeira Grande,PT,38.5167,-28.7,61.07,83,9,16.02,clear sky
10,Port Alfred,ZA,-33.5906,26.891,72.93,79,82,4.97,broken clouds
11,Chincha Alta,PE,-13.4099,-76.1323,65.75,82,99,1.28,overcast clouds
12,Rocha,UY,-34.4833,-54.3333,62.85,85,100,13.89,overcast clouds
13,Dimitrovgrad,RU,54.2139,49.6184,19.45,98,92,3.24,overcast clouds
14,Ushuaia,AR,-54.8,-68.3,60.46,67,75,12.66,broken clouds
15,Maragogi,BR,-9.0122,-35.2225,79.21,73,47,6.4,scattered clouds
16,Khatanga,RU,71.9667,102.5,-17.07,98,99,9.6,overcast clouds
17,Te Anau,NZ,-45.4167,167.7167,70.7,39,26,1.39,scattered clouds
18,Viedma,AR,-40.8135,-62.9967,61.52,73,0,9.26,clear sky
19,Portland,US,45.5234,-122.6762,50.86,82,20,3.0,few clouds
20,Umm Kaddadah,SD,13.6017,26.6876,52.2,31,62,14.14,broken clouds
21,Hermanus,ZA,-34.4187,19.2345,65.8,92,66,4.25,broken clouds
22,Hilo,US,19.7297,-155.09,74.93,78,100,8.05,light rain
23,Dali,CN,25.7,100.1833,47.34,48,1,2.04,clear sky
24,Puri,IN,19.8,85.85,66.72,55,94,4.14,overcast clouds
25,Itacarambi,BR,-15.1022,-44.0919,66.7,98,100,0.51,overcast clouds
26,Lipari,IT,38.4674,14.954,56.55,78,85,20.02,overcast clouds
27,Gao,ML,16.6362,1.637,59.88,15,0,12.64,clear sky
28,Lavrentiya,RU,65.5833,-171.0,-15.63,95,56,5.19,broken clouds
29,Faya,SA,18.3851,42.4509,48.72,84,9,3.42,clear sky
30,Husavik,IS,66.0449,-17.3389,24.71,85,100,14.5,overcast clouds
31,Omsukchan,RU,62.5333,155.8,-4.77,78,7,0.98,clear sky
32,Chuy,UY,-33.6971,-53.4616,63.79,74,41,15.66,scattered clouds
33,Constitucion,CL,-35.3333,-72.4167,57.79,80,0,4.09,clear sky
34,Upernavik,GL,72.7868,-56.1549,-14.49,100,100,8.41,overcast clouds
35,Avarua,CK,-21.2078,-159.775,80.65,69,75,11.5,broken clouds
36,Hobart,AU,-42.8794,147.3294,78.22,42,20,1.01,few clouds
37,Nichinan,JP,31.6,131.3667,46.08,44,99,1.21,overcast clouds
38,Mar Del Plata,AR,-38.0023,-57.5575,65.08,79,40,5.01,scattered clouds
39,Norman Wells,CA,65.282,-126.8329,-12.96,70,100,17.27,light snow
40,Avera,US,33.194,-82.5271,42.75,54,99,6.71,light rain
41,Noyemberyan,AM,41.1724,44.9992,31.39,54,23,6.13,few clouds
42,Ponta Do Sol,PT,32.6667,-17.1,63.23,68,7,10.65,clear sky
43,Gigmoto,PH,13.7796,124.39,79.63,83,49,15.17,scattered clouds
44,Srednekolymsk,RU,67.45,153.6833,-25.64,96,30,1.68,scattered clouds
45,Castro,BR,-24.7911,-50.0119,61.56,84,2,2.1,clear sky
46,Vila Do Maio,CV,15.1333,-23.2167,68.79,81,2,10.76,clear sky
47,Jamestown,US,42.097,-79.2353,29.79,45,0,10.36,clear sky
48,Prado,BR,-17.3411,-39.2208,76.06,89,75,7.2,broken clouds
49,Lugovoy,KZ,42.9472,72.7644,31.86,99,100,4.34,light snow
50,Arraial Do Cabo,BR,-22.9661,-42.0278,75.36,92,0,18.75,clear sky
51,Saskylakh,RU,71.9167,114.0833,-27.18,100,93,4.09,overcast clouds
52,Faanui,PF,-16.4833,-151.75,81.01,75,100,20.13,light rain
53,Kodiak,US,57.79,-152.4072,36.91,48,100,5.75,overcast clouds
54,Pachino,IT,36.7186,15.0907,51.84,79,60,21.27,broken clouds
55,Acapulco,MX,16.8634,-99.8901,80.42,74,0,9.22,clear sky
56,Cape Town,ZA,-33.9258,18.4232,64.27,88,75,1.01,broken clouds
57,Mataura,NZ,-46.1927,168.8643,60.48,34,8,2.75,clear sky
58,Chokurdakh,RU,70.6333,147.9167,-39.73,99,79,3.85,broken clouds
59,San Patricio,US,28.017,-97.5169,58.98,83,100,9.93,overcast clouds
60,Bay Roberts,CA,47.5999,-53.2648,13.66,72,38,4.0,scattered clouds
61,Bluff,NZ,-46.6,168.3333,60.8,66,0,13.38,clear sky
62,Mangrol,IN,21.1167,70.1167,64.15,72,5,7.0,clear sky
63,Brantford,CA,43.1334,-80.2664,30.72,76,51,1.99,broken clouds
64,Makakilo City,US,21.3469,-158.0858,79.12,60,75,9.22,broken clouds
65,Vaini,TO,-21.2,-175.2,77.16,100,100,11.5,moderate rain
66,Pisco,PE,-13.7,-76.2167,67.01,94,40,5.75,scattered clouds
67,Nuuk,GL,64.1835,-51.7216,9.21,72,100,13.8,overcast clouds
68,Eureka,US,40.8021,-124.1637,46.26,86,0,1.01,clear sky
69,Saint-Philippe,RE,-21.3585,55.7679,78.35,85,94,14.65,light rain
70,Aklavik,CA,68.2191,-135.0107,-22.97,91,100,19.39,overcast clouds
71,Eisiskes,LT,54.1667,25.0,32.34,98,100,16.82,snow
72,Kavaratti,IN,10.5669,72.642,77.65,67,14,6.93,few clouds
73,Comodoro Rivadavia,AR,-45.8667,-67.5,62.46,59,0,2.3,clear sky
74,Ulladulla,AU,-35.35,150.4667,74.3,60,25,13.27,scattered clouds
75,Omboue,GA,-1.5746,9.2618,77.04,87,74,5.46,broken clouds
76,Busselton,AU,-33.65,115.3333,67.08,51,70,20.04,broken clouds
77,Hastings,GB,50.8552,0.5729,42.8,72,6,17.63,clear sky
78,Egvekinot,RU,66.3167,-179.1667,-13.27,85,1,9.75,clear sky
79,Yellowknife,CA,62.456,-114.3525,-2.58,88,75,5.75,light snow
80,Hagere Selam,ET,6.4833,38.5167,46.27,38,9,2.93,clear sky
81,Kostomuksha,RU,64.571,30.5767,22.3,95,100,9.46,light snow
82,Thompson,CA,55.7435,-97.8558,-7.44,71,100,5.75,overcast clouds
83,Nabire,ID,-3.3667,135.4833,82.9,73,100,1.83,overcast clouds
84,Tasiilaq,GL,65.6145,-37.6368,23.16,53,100,60.31,light snow
85,Kargalinskaya,RU,43.7417,46.4792,34.81,71,100,11.12,overcast clouds
86,Tancanhuitz,MX,21.6,-98.9667,54.0,81,9,1.14,clear sky
87,Nema,RU,57.5067,50.5011,14.38,98,100,1.66,overcast clouds
88,Brigantine,US,39.4101,-74.3646,38.01,81,100,0.0,overcast clouds
89,Pacific Grove,US,36.6177,-121.9166,60.57,73,0,1.01,clear sky
90,Cherskiy,RU,68.75,161.3,-27.85,100,25,1.28,scattered clouds
91,Nelson Bay,AU,-32.7167,152.15,77.29,56,41,4.0,scattered clouds
92,Roebourne,AU,-20.7833,117.1333,89.92,60,74,10.47,broken clouds
93,Nuevitas,CU,21.5453,-77.2644,72.84,67,0,9.4,clear sky
94,Hofn,IS,64.2539,-15.2082,31.5,76,100,17.96,light snow
95,Atuona,PF,-9.8,-139.0333,78.8,77,12,17.09,few clouds
96,Russell,US,32.3502,-85.1999,51.08,72,100,5.77,overcast clouds
97,Santa Isabel Do Rio Negro,BR,-0.4139,-65.0192,72.3,97,96,2.71,overcast clouds
98,Albany,US,42.6001,-73.9662,21.31,75,10,4.18,clear sky
99,Namibe,AO,-15.1961,12.1522,72.28,70,95,7.43,overcast clouds
100,Mogadishu,SO,2.0371,45.3438,76.87,83,40,14.97,scattered clouds
101,Iqaluit,CA,63.7506,-68.5145,-38.31,65,0,2.3,clear sky
102,Victoria,HK,22.2855,114.1577,65.97,90,100,1.01,overcast clouds
103,Chibombo,ZM,-14.6569,28.0706,61.57,98,100,4.18,overcast clouds
104,Yibin,CN,28.7667,104.6238,44.49,83,100,2.98,overcast clouds
105,Lazaro Cardenas,MX,17.9583,-102.2,75.24,68,11,6.08,few clouds
106,Ballina,AU,-28.8667,153.5667,75.38,77,75,18.41,broken clouds
107,Beaverlodge,CA,55.2166,-119.4361,42.15,78,100,3.98,overcast clouds
108,Yulara,AU,-25.2406,130.9889,89.44,20,0,9.22,clear sky
109,Puerto Ayora,EC,-0.7393,-90.3518,73.54,93,20,3.0,few clouds
110,Toamasina,MG,-18.1667,49.3833,73.4,88,20,0.0,few clouds
111,Ilam,NP,26.9167,87.9167,50.07,76,55,2.89,broken clouds
112,Provideniya,RU,64.3833,-173.3,3.31,66,0,13.42,clear sky
113,Fairbanks,US,64.8378,-147.7164,-3.41,76,100,0.0,overcast clouds
114,Mastic Beach,US,40.7668,-72.8521,33.98,80,100,5.99,overcast clouds
115,Vila Velha,BR,-20.3297,-40.2925,78.75,89,75,5.01,broken clouds
116,Tiksi,RU,71.6872,128.8694,-17.37,98,100,6.26,overcast clouds
117,Pomabamba,PE,-8.8333,-77.4667,47.79,88,100,2.08,overcast clouds
118,Morozovsk,RU,48.3539,41.8261,30.36,98,100,9.15,overcast clouds
119,Riyadh,SA,24.6877,46.7219,46.54,46,0,4.25,clear sky
120,Bilibino,RU,68.0546,166.4372,-10.97,78,18,4.03,few clouds
121,Alofi,NU,-19.0595,-169.9187,82.29,83,100,4.61,overcast clouds
122,Luebo,CD,-5.35,21.4167,68.32,99,100,0.78,light rain
123,Salalah,OM,17.0151,54.0924,73.49,27,0,6.91,clear sky
124,Torbay,CA,47.6666,-52.7314,12.88,76,75,16.11,broken clouds
125,Port Lincoln,AU,-34.7333,135.8667,79.56,48,0,18.32,clear sky
126,Georgetown,MY,5.4112,100.3354,84.13,80,20,1.01,light rain
127,Dikson,RU,73.5069,80.5464,-13.05,97,100,16.33,overcast clouds
128,Moose Factory,CA,51.2585,-80.6094,-4.02,77,20,3.44,few clouds
129,Komsomolskiy,UZ,40.4272,71.7189,38.55,87,75,4.61,broken clouds
130,Tuatapere,NZ,-46.1333,167.6833,60.82,44,0,6.46,clear sky
131,Deputatskiy,RU,69.3,139.9,-31.58,94,83,4.63,broken clouds
132,Sfantu Gheorghe,RO,45.8667,25.7833,26.92,80,97,0.65,overcast clouds
133,Nago,JP,26.5881,127.9761,66.27,62,90,10.33,overcast clouds
134,Shubarkuduk,KZ,49.1447,56.4872,12.0,97,100,6.38,overcast clouds
135,Kharp,RU,66.8014,65.8081,-11.83,100,99,0.6,overcast clouds
136,Pangody,RU,65.85,74.4859,-18.81,100,89,6.13,overcast clouds
137,Talnakh,RU,69.4865,88.3972,-28.16,98,56,0.69,broken clouds
138,Socorro,US,31.6546,-106.3033,48.38,31,20,9.22,few clouds
139,Sinop,TR,41.7711,34.8709,28.22,83,70,12.82,broken clouds
140,Coihaique,CL,-45.5752,-72.0662,68.61,63,0,3.44,clear sky
141,Caravelas,BR,-17.7125,-39.2481,76.24,87,60,5.7,broken clouds
142,Punta Arenas,CL,-53.15,-70.9167,53.71,82,75,6.91,broken clouds
143,Nome,US,64.5011,-165.4064,-3.93,54,0,17.27,clear sky
144,Vostok,RU,46.4856,135.8833,6.49,83,99,5.86,overcast clouds
145,La Seyne-Sur-Mer,FR,43.0982,5.8847,54.93,68,19,13.0,few clouds
146,Itarema,BR,-2.9248,-39.9167,78.8,78,2,11.07,clear sky
147,Ozu,JP,33.5,132.55,46.02,49,84,7.85,broken clouds
148,Narsaq,GL,60.9167,-46.05,9.0,82,100,5.57,light snow
149,Victor Harbor,AU,-35.5667,138.6167,90.72,48,1,12.97,clear sky
150,Varhaug,NO,58.6147,5.6457,39.88,68,41,33.2,scattered clouds
151,Daru,PG,-9.0763,143.2092,85.17,71,100,3.0,overcast clouds
152,Atherton,GB,53.5237,-2.4935,40.69,87,2,1.99,clear sky
153,Bandarbeyla,SO,9.4942,50.8122,74.34,76,99,12.12,overcast clouds
154,Mahebourg,MU,-20.4081,57.7,77.29,94,75,3.44,broken clouds
155,Geraldton,AU,-28.7667,114.6,77.41,33,40,14.97,scattered clouds
156,Biak,ID,-0.9131,122.8766,83.59,65,99,1.9,overcast clouds
157,Kibala,TD,9.1104,18.3463,71.28,17,2,5.12,clear sky
158,Gat,IL,31.61,34.7642,54.39,100,6,6.8,clear sky
159,Chaohu,CN,31.6,117.8667,32.11,100,100,14.74,snow
160,Basco,PH,20.4487,121.9702,73.33,75,100,26.82,overcast clouds
161,Sulphur Springs,US,33.1385,-95.6011,40.95,56,0,0.0,clear sky
162,Okmulgee,US,35.6234,-95.9605,40.89,69,0,3.44,clear sky
163,Bethel,US,41.3712,-73.414,28.65,81,40,0.0,scattered clouds
164,Zhangye,CN,38.9342,100.4517,17.62,61,1,1.12,clear sky
165,Kununurra,AU,-15.7667,128.7333,87.78,70,100,3.44,overcast clouds
166,Coquimbo,CL,-29.9533,-71.3436,64.13,82,100,3.44,overcast clouds
167,Arkhangelsk,RU,64.5401,40.5433,10.51,85,75,8.95,broken clouds
168,Bambous Virieux,MU,-20.3428,57.7575,77.25,94,75,3.44,light rain
169,Sitka,US,57.0531,-135.33,44.49,76,100,8.05,overcast clouds
170,Orito,CO,0.6766,-76.8771,70.54,97,97,2.98,overcast clouds
171,Opuwo,NA,-18.0607,13.84,68.04,46,98,1.61,overcast clouds
172,Kloulklubed,PW,7.0419,134.2556,82.36,79,43,22.39,scattered clouds
173,Bonn,DE,50.7333,7.1,39.88,88,75,5.99,broken clouds
174,Touros,BR,-5.1989,-35.4608,79.7,76,19,8.86,few clouds
175,Port Blair,IN,11.6667,92.75,78.84,83,40,9.22,scattered clouds
176,Hithadhoo,MV,-0.6,73.0833,82.42,69,31,14.14,scattered clouds
177,Cockburn Town,TC,21.4612,-71.1419,76.01,75,0,16.91,clear sky
178,Qaanaaq,GL,77.484,-69.3632,-11.67,59,29,7.25,scattered clouds
179,Najran,SA,17.4924,44.1277,50.65,59,32,3.18,scattered clouds
180,Rutul,RU,41.5357,47.4239,22.1,76,17,5.41,few clouds
181,Nikolskoye,RU,59.7035,30.7861,36.88,97,100,6.98,light snow
182,Alice Springs,AU,-23.7,133.8833,87.35,27,0,5.75,clear sky
183,Pogranichnyy,RU,44.4064,131.3769,16.39,63,35,9.53,scattered clouds
184,Asau,RO,46.4333,26.4,34.75,72,100,5.95,overcast clouds
185,Sibu,MY,2.3,111.8167,79.11,83,40,5.99,scattered clouds
186,Severo-Kurilsk,RU,50.6789,156.125,31.5,83,100,10.07,overcast clouds
187,East London,ZA,-33.0153,27.9116,71.38,82,100,7.52,overcast clouds
188,Buraydah,SA,26.326,43.975,45.05,48,0,5.93,clear sky
189,Oktyabrskoye,RU,43.0645,44.7417,28.54,80,99,2.24,overcast clouds
190,Quatre Cocos,MU,-20.2078,57.7625,77.11,82,100,10.0,light rain
191,Katangli,RU,51.7102,143.2326,11.53,83,100,17.58,overcast clouds
192,Freeport,US,40.6576,-73.5832,33.06,78,100,1.01,overcast clouds
193,Vilyuysk,RU,63.7553,121.6247,-17.39,96,100,7.47,overcast clouds
194,Kirovskiy,RU,45.0917,133.5136,9.48,85,98,5.88,overcast clouds
195,Baniachang,BD,24.5167,91.3667,62.11,66,1,3.47,clear sky
196,Kavieng,PG,-2.5744,150.7967,83.66,71,55,2.68,broken clouds
197,Tuktoyaktuk,CA,69.4541,-133.0374,-27.4,68,75,12.66,broken clouds
198,Ishigaki,JP,24.3448,124.1572,68.13,68,75,17.27,broken clouds
199,Sorgun,TR,39.8101,35.186,11.01,99,66,3.2,broken clouds
200,Muros,ES,42.7762,-9.0603,50.23,92,28,8.77,scattered clouds
201,Tortoli,IT,39.9256,9.6572,52.99,34,0,3.44,clear sky
202,Marabba,SD,12.35,32.1833,61.61,19,75,12.3,broken clouds
203,Kalmunai,LK,7.4167,81.8167,77.56,79,52,9.82,broken clouds
204,Mnogovershinnyy,RU,53.9353,139.9242,5.13,71,100,6.87,overcast clouds
205,Piraquara,BR,-25.4417,-49.0633,68.79,83,40,5.75,scattered clouds
206,Imbituba,BR,-28.24,-48.6703,75.09,80,46,4.99,scattered clouds
207,Pangkalanbuun,ID,-2.6833,111.6167,75.97,94,100,2.15,overcast clouds
208,Mehamn,NO,71.0357,27.8492,18.45,83,90,13.51,overcast clouds
209,Razole,IN,16.4833,81.8333,73.69,70,86,4.09,overcast clouds
210,Lompoc,US,34.6391,-120.4579,60.78,73,0,3.44,clear sky
211,Vila Franca Do Campo,PT,37.7167,-25.4333,60.19,81,27,12.46,scattered clouds
212,Vanimo,PG,-2.6741,141.3028,82.27,79,100,4.63,overcast clouds
213,Carnarvon,AU,-24.8667,113.6333,78.87,36,6,21.85,clear sky
214,Humaita,BR,-7.5061,-63.0208,74.08,98,100,2.93,overcast clouds
215,Lisakovsk,KZ,52.5369,62.4936,10.06,97,100,3.74,overcast clouds
216,Flinders,AU,-34.5833,150.8552,74.48,67,44,7.0,scattered clouds
217,Iracoubo,GF,5.4802,-53.2011,76.93,89,100,8.12,overcast clouds
218,Fuerte Olimpo,PY,-21.0415,-57.8738,72.66,65,46,5.14,scattered clouds
219,Mangit,UZ,40.5971,70.9607,38.48,87,100,1.48,overcast clouds
220,Manakara,MG,-22.1333,48.0167,77.76,95,83,7.25,broken clouds
221,Ardesen,TR,41.1911,40.9875,37.36,70,100,5.03,overcast clouds
222,Moron,AR,-34.6534,-58.6198,65.97,84,9,6.29,clear sky
223,Klaksvik,FO,62.2266,-6.589,32.92,50,100,15.43,overcast clouds
224,Cabedelo,BR,-6.9811,-34.8339,79.47,73,0,10.18,clear sky
225,Armeria,MX,18.9333,-103.9667,70.36,71,41,3.51,scattered clouds
226,Izhma,RU,65.0083,53.9113,16.66,87,100,10.13,overcast clouds
227,Xining,CN,36.6167,101.7667,13.23,73,84,0.96,broken clouds
228,Bafra,TR,41.5678,35.9069,38.3,71,77,8.1,broken clouds
229,Sura,RU,53.8879,45.7419,4.68,98,87,4.03,overcast clouds
230,Dunedin,NZ,-45.8742,170.5036,63.81,62,85,4.0,overcast clouds
231,Khash,IR,28.2211,61.2158,45.19,35,5,6.26,clear sky
232,Lasa,IT,46.6166,10.7002,42.26,96,100,6.73,snow
233,Lata,PT,40.1629,-8.3327,45.05,59,28,3.98,scattered clouds
234,San Andres,CO,12.5847,-81.7006,78.82,78,20,11.5,few clouds
235,Kenai,US,60.5544,-151.2583,28.09,95,100,0.0,light snow
236,Jumla,NP,29.2747,82.1838,43.68,38,92,1.03,overcast clouds
237,Erdenet,MN,49.0333,104.0833,6.21,70,13,3.71,few clouds
238,Bhind,IN,26.5642,78.7883,55.76,60,0,3.96,clear sky
239,Camapua,BR,-19.5314,-54.0439,71.94,96,100,5.64,light rain
240,Khairpur Nathan Shah,PK,27.0936,67.7337,59.45,36,0,7.27,clear sky
241,Fortuna,US,40.5982,-124.1573,49.19,94,0,0.0,clear sky
242,Marsh Harbour,BS,26.5412,-77.0636,73.85,72,28,12.8,scattered clouds
243,Antioquia,CO,7.0,-75.5,54.16,99,96,0.54,overcast clouds
244,Walvis Bay,NA,-22.9575,14.5053,72.55,78,93,6.91,overcast clouds
245,Pangnirtung,CA,66.1451,-65.7125,-38.09,96,100,4.47,overcast clouds
246,Bajil,YE,15.0584,43.2851,72.95,83,100,6.04,overcast clouds
247,Kichera,RU,55.9375,110.0997,11.91,94,100,2.73,light snow
248,Rodino,RU,52.5,80.25,-2.18,88,10,4.65,clear sky
249,Abakaliki,NG,6.3163,8.1169,74.64,67,0,3.69,clear sky
250,Sambava,MG,-14.2667,50.1667,74.34,86,49,4.03,scattered clouds
251,Zarya,RU,55.7553,38.0958,27.18,93,100,8.16,overcast clouds
252,Saint-Paul,RE,-21.0096,55.2707,78.89,72,81,6.13,broken clouds
253,Valparaiso,CL,-33.0393,-71.6273,65.48,81,100,5.75,overcast clouds
254,Kapoeta,SS,4.7717,33.5903,74.7,30,67,6.02,broken clouds
255,Kokopo,PG,-4.352,152.2633,86.22,64,100,11.65,overcast clouds
256,Bengkulu,ID,-3.8004,102.2655,81.64,70,99,10.8,light rain
257,Kaitangata,NZ,-46.2817,169.8464,58.93,80,52,8.32,broken clouds
258,Souillac,MU,-20.5167,57.5167,77.38,94,75,3.44,broken clouds
259,Benguela,AO,-12.5763,13.4055,76.64,71,100,1.01,overcast clouds
260,Sogne,NO,58.0833,7.8167,38.7,65,11,18.01,few clouds
261,Lagoa,PT,39.05,-27.9833,59.56,85,7,16.49,clear sky
262,Beloha,MG,-25.1667,45.05,73.96,93,100,12.73,light rain
263,Puerto Carreno,CO,6.189,-67.4859,83.66,54,76,3.65,broken clouds
264,Sabang,ID,5.8933,95.3214,78.69,79,100,7.38,overcast clouds
265,Harper,LR,4.375,-7.7169,78.76,83,100,6.06,overcast clouds
266,Noumea,NC,-22.2763,166.4572,78.78,83,81,15.1,light rain
267,Kawalu,ID,-7.3817,108.2082,79.66,76,100,4.23,overcast clouds
268,Kefamenanu,ID,-9.4467,124.4781,85.6,61,38,5.32,scattered clouds
269,Yichun,CN,47.7,128.9,9.14,77,100,6.89,overcast clouds
270,Berlevag,NO,70.8578,29.0864,19.9,85,60,20.71,broken clouds
271,Naze,JP,28.3667,129.4833,56.32,59,100,4.76,overcast clouds
272,Ilulissat,GL,69.2167,-51.1,-3.55,99,100,8.57,overcast clouds
273,Hamilton,US,39.1834,-84.5333,30.97,85,0,3.44,clear sky
274,Wewak,PG,-3.5534,143.6268,83.43,75,99,7.63,overcast clouds
275,Barrow,US,71.2906,-156.7887,-27.38,68,0,12.66,clear sky
276,La Tuque,CA,47.4334,-72.7824,8.85,78,100,8.05,overcast clouds
277,Arkadak,RU,51.9326,43.4978,24.1,97,100,7.2,overcast clouds
278,Auki,SB,-8.7676,160.7034,84.31,79,100,11.12,moderate rain
279,Itupiranga,BR,-5.1347,-49.3267,72.73,97,100,3.15,heavy intensity rain
280,Pita,GN,10.8333,-12.5833,70.84,22,1,3.69,clear sky
281,Misasi,TZ,-3.0,33.0833,64.2,81,100,3.53,overcast clouds
282,Saint-Louis,SN,16.3333,-15.0,75.4,11,0,9.48,clear sky
283,Brazzaville,CG,-4.2658,15.2832,77.31,94,100,2.3,overcast clouds
284,Kupang,ID,-10.1667,123.5833,85.05,73,36,9.15,scattered clouds
285,Batagay-Alyta,RU,67.8006,130.4114,-20.81,95,100,2.98,overcast clouds
286,Dubai,AE,25.2582,55.3047,67.93,52,40,10.36,scattered clouds
287,Taltal,CL,-25.4,-70.4833,67.33,75,2,4.27,clear sky
288,La Ronge,CA,55.1001,-105.2842,14.25,85,20,5.75,few clouds
289,Airai,TL,-8.9266,125.4092,75.2,61,29,2.35,scattered clouds
290,Inhambane,MZ,-23.865,35.3833,77.65,77,84,14.81,broken clouds
291,Namatanai,PG,-3.6667,152.4333,85.84,67,100,7.11,overcast clouds
292,Hof,DE,50.3167,11.9167,34.75,89,40,12.66,scattered clouds
293,Karmala,IN,18.4167,75.2,71.85,33,91,5.75,overcast clouds
294,Itamaraca,BR,-7.7478,-34.8256,82.45,73,6,7.4,clear sky
295,Coracora,PE,-15.0333,-73.7833,51.08,77,100,2.51,overcast clouds
296,Snezhnogorsk,RU,69.1933,33.2531,1.18,97,35,10.42,scattered clouds
297,Muisne,EC,0.6,-80.0333,75.76,88,66,4.29,light rain
298,Whitehorse,CA,60.7161,-135.0538,32.77,80,75,16.11,broken clouds
299,Cabo San Lucas,MX,22.8909,-109.9124,65.5,68,0,4.21,clear sky
300,Grand Forks,US,47.9417,-97.4337,-7.42,92,73,5.39,broken clouds
301,Kilakarai,IN,9.2333,78.7833,77.77,71,46,11.05,scattered clouds
302,Bubaque,GW,11.2833,-15.8333,76.44,70,6,7.78,clear sky
303,San Policarpo,PH,12.1791,125.5072,80.91,79,52,17.47,broken clouds
304,Grindavik,IS,63.8424,-22.4338,32.47,100,100,48.34,heavy snow
305,Gatton,AU,-27.55,152.2833,83.64,50,51,13.8,broken clouds
306,Tecolutla,MX,20.4833,-97.0167,58.86,82,8,3.76,clear sky
307,Orbetello,IT,42.4408,11.2196,50.79,100,83,10.36,broken clouds
308,San Martin,AR,-33.081,-68.4681,70.34,34,0,6.2,clear sky
309,Port Hedland,AU,-20.3167,118.5667,82.45,83,40,3.44,light rain
310,Qaqortoq,GL,60.7167,-46.0333,10.85,64,100,24.09,overcast clouds
311,Bima,ID,-8.4667,118.7167,87.17,69,39,6.73,scattered clouds
312,Bom Jesus,BR,-9.0744,-44.3586,74.19,81,98,1.32,overcast clouds
313,Port-Cartier,CA,50.0334,-66.8654,3.74,97,100,3.96,light snow
314,Westport,US,41.1415,-73.3579,31.86,76,100,3.0,overcast clouds
315,Kruisfontein,ZA,-34.0033,24.7314,69.69,65,0,4.56,clear sky
316,Ostrovnoy,RU,68.0531,39.5131,11.53,88,16,18.66,few clouds
317,Shelburne,CA,44.0787,-80.2041,27.05,71,100,15.41,overcast clouds
318,Slave Lake,CA,55.2834,-114.769,46.38,39,100,17.27,overcast clouds
319,El Ejido,ES,36.7763,-2.8146,55.09,82,0,1.59,clear sky
320,Esperance,AU,-33.8667,121.9,73.24,53,18,28.1,few clouds
321,Khon Kaen,TH,16.5,102.0833,83.32,48,96,3.11,overcast clouds
322,Inirida,CO,3.8653,-67.9239,75.87,87,90,1.66,overcast clouds
323,Grand Gaube,MU,-20.0064,57.6608,77.4,86,100,3.0,overcast clouds
324,Tessalit,ML,20.1986,1.0114,59.61,16,0,5.95,clear sky
325,Leningradskiy,RU,69.3833,178.4167,-26.57,100,63,2.82,broken clouds
326,Aykhal,RU,66.0,111.5,-14.48,99,99,6.35,overcast clouds
327,Dauphin,CA,51.1494,-100.0502,5.14,78,100,0.0,overcast clouds
328,Ararangua,BR,-28.9347,-49.4858,66.87,85,59,3.22,broken clouds
329,Lekoni,GA,-1.5843,14.2591,75.63,71,75,2.89,broken clouds
330,Montero,BO,-17.3333,-63.25,76.1,79,87,5.17,overcast clouds
331,Dingle,PH,10.9995,122.6711,83.75,63,48,15.41,scattered clouds
332,Lodja,CD,-3.4833,23.4333,70.12,96,100,2.3,overcast clouds
333,Alvorada,BR,-12.48,-49.1247,71.06,91,100,4.05,overcast clouds
334,Summerland,CA,49.5998,-119.6691,37.26,80,75,2.3,broken clouds
335,Honiara,SB,-9.4333,159.95,85.28,74,100,7.43,overcast clouds
336,Tahta,EG,26.7693,31.5021,46.72,58,0,6.87,clear sky
337,Poum,NC,-20.2333,164.0167,81.54,86,100,25.52,overcast clouds
338,Cascais,PT,38.6979,-9.4215,53.06,48,3,5.01,clear sky
339,Kaspiysk,RU,42.8816,47.6392,37.58,80,94,13.0,overcast clouds
340,Khorramshahr,IR,30.4397,48.1664,46.36,66,0,4.61,clear sky
341,Bodden Town,KY,19.2833,-81.25,77.94,79,40,1.99,scattered clouds
342,Yurty,RU,56.0498,97.6348,17.31,86,100,5.93,overcast clouds
343,Sioux Lookout,CA,50.1001,-91.917,-0.02,84,0,2.3,clear sky
344,Kendari,ID,-3.945,122.4989,84.56,73,77,11.16,heavy intensity rain
345,Korgen,NO,66.0771,13.8153,29.26,92,82,3.62,broken clouds
346,Mushie,CD,-3.0167,16.9,71.35,86,65,1.43,broken clouds
347,Sokolskoye,RU,57.1412,43.1589,0.7,99,95,6.17,overcast clouds
348,Mount Isa,AU,-20.7333,139.5,91.17,38,9,11.5,clear sky
349,Port Elizabeth,ZA,-33.918,25.5701,64.69,94,0,3.44,clear sky
350,Tomatlan,MX,19.9333,-105.25,67.48,83,100,1.54,overcast clouds
351,Columbus,US,39.9612,-82.9988,29.1,93,0,3.44,mist
352,Brae,GB,60.3964,-1.353,39.11,57,95,30.4,overcast clouds
353,Livingston,GB,55.9029,-3.5226,36.23,81,92,6.76,overcast clouds
354,Saldanha,ZA,-33.0117,17.9442,62.65,99,35,7.87,scattered clouds
355,Acara,BR,-1.9608,-48.1967,73.26,99,100,1.39,light rain
356,Koutsouras,GR,35.0339,25.9469,54.1,85,66,6.64,broken clouds
357,Bilma,NE,18.6853,12.9164,56.57,18,0,7.92,clear sky
358,Rio Gallegos,AR,-51.6226,-69.2181,66.25,42,0,28.77,clear sky
359,Forio,IT,40.7342,13.8646,55.42,84,17,5.01,few clouds
360,Ketchikan,US,55.3422,-131.6461,46.38,87,100,12.66,heavy intensity rain
361,Road Town,VG,18.4167,-64.6167,75.99,72,80,22.93,broken clouds
362,Cidreira,BR,-30.1811,-50.2056,68.22,74,8,7.81,clear sky
363,Broome,US,42.2506,-75.833,23.9,68,4,1.01,clear sky
364,Wick,GB,58.4333,-3.0833,37.15,80,32,10.36,scattered clouds
365,Itoman,JP,26.1247,127.6694,66.22,55,75,10.36,broken clouds
366,Largo,US,27.9095,-82.7873,60.78,89,100,3.0,overcast clouds
367,Luderitz,NA,-26.6481,15.1594,67.19,78,40,3.09,scattered clouds
368,Bushehr,IR,28.9684,50.8385,59.09,51,0,19.57,clear sky
369,Padang,ID,-0.9492,100.3543,84.25,68,100,1.23,overcast clouds
370,Vammala,FI,61.3333,22.9,30.9,99,83,4.25,broken clouds
371,Viru,PE,-8.4167,-78.75,67.3,72,100,2.73,overcast clouds
372,Clyde River,CA,70.4692,-68.5914,-34.37,67,0,8.05,clear sky
373,Lida,BY,53.8833,25.2997,33.21,98,100,17.98,snow
374,Maturin,VE,9.75,-63.1767,71.85,95,10,5.23,clear sky
375,Antofagasta,CL,-23.65,-70.4,65.48,76,28,1.43,scattered clouds
376,Phalaborwa,ZA,-23.943,31.1411,69.08,84,5,9.53,clear sky
377,Kurilsk,RU,45.2333,147.8833,29.14,91,100,14.88,snow
378,Moses Lake,US,47.1301,-119.2781,36.18,97,100,5.61,overcast clouds
379,Hasaki,JP,35.7333,140.8333,48.29,34,6,7.05,clear sky
380,Chernyshevsk,RU,52.5243,117.0174,-5.67,94,88,2.57,overcast clouds
381,Beira,MZ,-19.8436,34.8389,77.09,88,40,12.66,scattered clouds
382,Guerrero Negro,MX,27.9769,-114.0611,60.46,55,0,8.66,clear sky
383,Boueni,YT,-12.9025,45.0761,82.38,75,4,7.76,clear sky
384,Amapa,BR,1.0,-52.0,71.08,99,100,1.41,overcast clouds
385,Zeya,RU,53.75,127.2667,5.49,64,12,1.5,few clouds
386,Bayan,CN,46.0833,127.4,9.0,84,100,5.35,overcast clouds
387,Payyannur,IN,12.1,75.2,75.63,71,39,1.61,scattered clouds
388,Alekseyevsk,RU,57.8406,108.3492,8.89,93,99,2.37,overcast clouds
389,College,US,64.8569,-147.8028,-5.01,77,100,0.0,overcast clouds
390,Yakeshi,CN,49.2833,120.7333,4.87,92,100,6.24,overcast clouds
391,Bathsheba,BB,13.2167,-59.5167,77.61,83,40,14.97,scattered clouds
392,Chicama,PE,-7.8447,-79.1469,66.74,74,99,5.37,overcast clouds
393,Kirakira,SB,-10.4544,161.9205,85.84,73,100,13.22,overcast clouds
394,Teguise,ES,29.0605,-13.564,61.02,82,2,16.11,clear sky
395,Okhotsk,RU,59.3833,143.3,4.23,71,95,9.28,overcast clouds
396,Cayenne,GF,4.9333,-52.3333,80.1,87,75,4.0,broken clouds
397,Jizan,SA,17.3333,42.6667,74.34,69,51,3.87,broken clouds
398,Pimentel,PE,-6.8367,-79.9342,70.66,80,97,11.1,overcast clouds
399,San Cristobal,VE,7.7669,-72.225,69.98,89,46,1.23,scattered clouds
400,Bowen,AU,-20.0167,148.2333,84.42,58,83,18.54,broken clouds
401,Pontal Do Parana,BR,-25.6533,-48.5128,78.73,88,90,6.89,overcast clouds
402,Yamada,JP,39.4667,141.95,36.93,45,87,12.91,overcast clouds
403,Waterville,US,44.552,-69.6317,21.92,79,100,3.44,overcast clouds
404,Los Llanos De Aridane,ES,28.6585,-17.9182,62.35,74,75,21.99,broken clouds
405,Anadyr,RU,64.75,177.4833,-14.3,84,0,11.18,clear sky
406,Znamenskoye,RU,57.1281,73.8282,-2.78,97,100,4.36,overcast clouds
407,Salinas,US,36.6777,-121.6555,60.96,68,0,3.36,clear sky
408,Mapiripan,CO,2.8892,-72.1256,77.56,70,93,4.18,overcast clouds
409,Olafsvik,IS,64.8945,-23.7142,29.12,92,100,37.27,heavy snow
410,Paamiut,GL,61.994,-49.6678,10.49,78,100,27.0,light snow
411,Eston,CA,51.1501,-108.7514,35.49,74,0,13.06,clear sky
412,Mahibadhoo,MV,3.7833,72.9667,81.01,66,64,10.27,broken clouds
413,Ha Giang,VN,22.8333,104.9833,62.33,90,100,0.83,overcast clouds
414,Sungaipenuh,ID,-2.0833,101.3833,73.69,64,100,4.81,moderate rain
415,Goure,NE,13.9835,10.2704,63.01,14,0,10.09,clear sky
416,Eyl,SO,7.9803,49.8164,72.73,79,100,12.41,overcast clouds
417,Tateyama,JP,34.9833,139.8667,46.67,39,29,2.64,scattered clouds
418,Watrous,CA,51.6668,-105.4679,15.58,86,11,11.5,few clouds
419,Miandrivazo,MG,-19.5167,45.4667,75.22,80,100,6.08,overcast clouds
420,Zajecar,RS,43.9036,22.2641,39.34,81,99,7.94,overcast clouds
421,Vestmanna,FO,62.1564,-7.1664,27.52,69,20,6.91,few clouds
422,Bagdarin,RU,54.4333,113.6,5.63,78,82,0.47,broken clouds
423,Jackson,US,42.4165,-122.8345,57.07,52,0,4.61,clear sky
424,Taksimo,RU,56.3444,114.8794,0.0,93,100,0.98,overcast clouds
425,Okha,RU,53.5739,142.9478,4.62,94,100,23.8,snow
426,Suntar,RU,62.1444,117.6319,2.64,93,100,3.98,overcast clouds
427,Celestun,MX,20.8667,-90.4,71.44,83,6,12.17,clear sky
428,Toguchin,RU,55.2353,84.3858,-2.61,95,82,3.53,broken clouds
429,Voi,KE,-3.3945,38.563,72.95,83,100,1.25,overcast clouds
430,Baykit,RU,61.67,96.37,-6.72,99,49,2.98,scattered clouds
431,La Macarena,CO,2.1837,-73.7849,74.59,71,95,1.81,overcast clouds
432,Mackenzie,CA,55.2999,-123.1698,41.22,60,100,11.5,overcast clouds
433,Maltahohe,NA,-24.8333,16.9833,69.4,65,99,16.22,overcast clouds
434,Envira,BR,-7.3,-70.2167,72.7,98,100,1.1,light rain
435,Mundi,IN,22.0667,76.5,65.55,30,3,4.41,clear sky
436,Jalu,LY,29.0331,21.5482,55.08,34,2,7.09,clear sky
437,Kholodnyy,RU,62.7167,147.95,-14.8,76,8,1.14,clear sky
438,Tamandare,BR,-8.7597,-35.1047,79.63,71,59,6.49,broken clouds
439,Mbandaka,CD,0.0487,18.2603,72.09,43,84,0.29,broken clouds
440,Flateby,NO,59.8333,11.1667,35.19,83,50,3.78,scattered clouds
441,Ravar,IR,31.2656,56.8055,41.54,45,0,3.4,clear sky
442,Bindura,ZW,-17.3019,31.3306,65.01,96,62,3.15,broken clouds
443,Porto Nacional,BR,-10.7081,-48.4172,75.2,92,100,0.89,overcast clouds
444,Richards Bay,ZA,-28.783,32.0377,71.53,90,81,2.59,light rain
445,Manresa,ES,41.725,1.8266,48.24,79,8,4.0,clear sky
446,Pangai,TO,-19.8,-174.35,77.52,81,100,21.94,light rain
447,Nikolsk,RU,53.7189,46.0712,4.23,98,87,5.08,overcast clouds
448,Shingu,JP,33.7333,135.9833,43.79,39,89,10.45,overcast clouds
449,Dubrovnik,HR,42.6481,18.0922,53.24,87,75,16.11,broken clouds
450,Thunder Bay,CA,48.4001,-89.3168,9.55,75,75,6.91,broken clouds
451,Presidencia Roque Saenz Pena,AR,-26.7852,-60.4388,66.63,44,0,6.02,clear sky
452,Ancud,CL,-41.8697,-73.8203,58.53,89,5,2.86,clear sky
453,Feijo,BR,-8.1642,-70.3536,72.05,97,100,1.97,overcast clouds
454,Codrington,AU,-38.2667,141.9667,83.08,30,0,13.8,clear sky
455,Nemuro,JP,43.3236,145.575,28.83,71,30,11.52,scattered clouds
456,Wukari,NG,7.85,9.7833,69.15,22,0,4.72,clear sky
457,Saint-Pierre,RE,-21.3393,55.4781,78.44,78,0,4.61,clear sky
458,Taunggyi,MM,20.7833,97.0333,62.64,31,12,5.57,few clouds
459,Kamina,CD,-8.7386,24.9906,63.41,97,100,5.57,overcast clouds
460,Dovolnoye,RU,54.4958,79.6671,-6.12,100,59,4.41,broken clouds
461,Keita,NE,14.7551,5.7749,61.97,14,0,9.93,clear sky
462,Pravdinsk,RU,54.4429,21.0179,37.24,87,100,15.9,overcast clouds
463,Saint-Georges,GD,12.0564,-61.7485,78.48,78,75,12.66,broken clouds
464,Aluksne,LV,57.4167,27.05,31.53,99,100,10.31,snow
465,Nanortalik,GL,60.1432,-45.2371,17.42,62,100,46.19,overcast clouds
466,Port Hardy,CA,50.6996,-127.4199,46.76,81,75,20.71,light intensity shower rain
467,Henties Bay,NA,-22.116,14.2845,67.86,83,93,5.19,overcast clouds
468,Romny,UA,50.751,33.4747,22.8,90,71,11.34,broken clouds
469,Clovis,US,36.8252,-119.7029,60.84,60,0,1.88,clear sky
470,Kahului,US,20.8947,-156.47,74.97,72,33,12.77,scattered clouds
471,Ugoofaaru,MV,5.6667,73.0,80.74,71,66,10.07,broken clouds
472,Pasni,PK,25.2631,63.471,69.8,83,0,3.58,clear sky
473,San Pedro,PH,14.35,121.0167,83.35,75,75,6.91,broken clouds
474,Stornoway,GB,58.2093,-6.3865,35.92,91,75,1.01,broken clouds
475,Manacor,ES,39.5696,3.2096,44.33,80,0,2.57,clear sky
476,Mahajanga,MG,-15.7167,46.3167,77.02,94,20,3.44,few clouds
477,Yanam,IN,16.7333,82.2167,73.8,66,92,3.4,overcast clouds
478,Vestmannaeyjar,IS,63.4427,-20.2734,37.38,97,100,58.56,heavy intensity rain
479,Virginia Beach,US,36.8529,-75.978,40.01,79,100,1.99,overcast clouds
480,Pingzhuang,CN,42.0372,119.2889,21.02,43,94,4.43,overcast clouds
481,Guilin,CN,25.2819,110.2864,44.71,85,99,8.75,overcast clouds
482,Tarauaca,BR,-8.1614,-70.7656,72.55,98,99,1.77,overcast clouds
483,Yeppoon,AU,-23.1333,150.7333,83.98,59,2,14.54,clear sky
484,Arvika,SE,59.6553,12.5852,27.21,87,47,2.75,scattered clouds
485,Andenes,NO,69.3143,16.1194,30.18,74,100,11.5,overcast clouds
486,George,ZA,-33.963,22.4617,63.95,63,0,3.44,clear sky
487,Lashio,MM,22.9333,97.75,62.94,42,0,0.94,clear sky
488,Saryg-Sep,RU,51.5,95.6,-8.63,97,99,1.32,overcast clouds
489,Kihei,US,20.785,-156.4656,74.97,72,53,12.06,broken clouds
490,Hervey Bay,AU,-25.2986,152.8535,71.71,64,89,20.04,overcast clouds
491,Rodrigues Alves,BR,-7.738,-72.6509,73.76,96,100,1.63,overcast clouds
492,Mount Gambier,AU,-37.8333,140.7667,87.71,19,0,14.97,clear sky
493,Benfleet,GB,51.565,0.5558,42.76,72,5,1.99,clear sky
494,Hoquiam,US,46.9809,-123.8893,46.99,90,86,2.17,overcast clouds
495,Goianapolis,BR,-16.5106,-49.0239,72.68,96,96,3.29,overcast clouds
496,Berzence,HU,46.2091,17.1481,50.38,70,100,19.42,overcast clouds
497,Finnsnes,NO,69.2296,17.9811,26.56,90,100,3.85,overcast clouds
498,Great Bend,US,38.3645,-98.7648,36.97,59,4,6.29,clear sky
499,Pilar,BR,-9.5972,-35.9567,73.33,82,13,4.0,few clouds
500,Crotone,IT,39.0851,17.1178,48.92,76,13,11.48,few clouds
501,Saravan,AM,39.7196,45.6483,12.85,79,40,6.8,scattered clouds
502,Verkhniye Tatyshly,RU,56.2912,55.8575,12.7,98,100,3.09,overcast clouds
503,Ammon,US,43.4696,-111.9666,18.1,97,26,3.49,scattered clouds
504,Gamba,GA,-2.65,10.0,76.21,93,16,5.19,few clouds
505,Longyearbyen,SJ,78.2186,15.6401,15.64,73,0,4.61,clear sky
506,Puerto Penasco,MX,31.3167,-113.5333,66.9,16,0,3.0,clear sky
507,Ikalamavony,MG,-21.15,46.5833,65.53,90,88,4.14,overcast clouds
508,Wajir,KE,1.7471,40.0573,74.44,74,92,11.14,overcast clouds
509,Kattivakkam,IN,13.2167,80.3167,78.89,83,38,4.36,scattered clouds
510,Puro,PH,12.4841,123.3827,81.95,72,81,13.58,broken clouds
511,Sorland,NO,67.667,12.6934,38.19,75,100,16.82,overcast clouds
512,Pleasanton,US,37.6624,-121.8747,59.63,57,0,2.98,clear sky
513,The Valley,AI,18.217,-63.0578,77.09,73,84,23.02,broken clouds
514,Okato,NZ,-39.2,173.8833,66.69,91,100,8.81,overcast clouds
515,Bonanza,NI,14.0289,-84.591,64.65,94,20,2.75,few clouds
516,Nizhniy Kuranakh,RU,58.8353,125.4869,0.82,95,100,0.22,light snow
517,Onega,RU,63.9061,38.1404,8.31,94,83,12.15,broken clouds
518,Simiti,CO,7.9579,-73.9436,78.31,71,43,2.44,scattered clouds
519,Jinchang,CN,38.4953,102.1739,14.67,77,20,5.14,few clouds
520,Chabahar,IR,25.2919,60.643,68.99,63,0,10.69,clear sky
521,Palghar,IN,19.6833,72.75,71.58,62,39,3.67,scattered clouds
522,Lakselv,NO,70.0513,24.9718,21.02,73,92,25.32,overcast clouds
523,Copiapo,CL,-27.3667,-70.3333,68.72,58,0,1.97,clear sky
524,Campoverde,PE,-8.4753,-74.8058,73.02,96,100,1.45,overcast clouds
525,Chingirlau,KZ,51.095,54.0814,17.62,96,100,8.03,light snow
526,Kuah,MY,6.3265,99.8432,82.11,73,88,15.05,overcast clouds
527,Uige,AO,-7.6087,15.0613,64.45,98,99,0.65,overcast clouds
528,Llangefni,GB,53.2556,-4.3106,44.73,76,20,14.97,few clouds
529,Rio Bueno,CL,-40.3167,-72.9667,59.11,77,0,2.42,clear sky
530,Robertsport,LR,6.7533,-11.3686,79.07,83,47,2.8,light rain
531,Karla,EE,59.3723,24.9275,33.76,85,100,5.75,overcast clouds
532,Boffa,GN,10.1667,-14.0333,72.5,87,21,1.88,few clouds
533,Chateau-Thierry,FR,49.05,3.4,43.99,78,17,16.96,few clouds
534,Watertown,US,42.3709,-71.1828,26.08,86,53,2.26,broken clouds
535,Sinfra,CI,6.6167,-5.9167,70.77,94,23,2.04,few clouds
536,Hualmay,PE,-11.0964,-77.6139,70.59,79,100,9.15,overcast clouds
537,Tianpeng,CN,30.9866,103.9393,38.21,90,100,3.44,overcast clouds
538,Mecca,SA,21.4267,39.8261,63.34,47,1,2.3,clear sky
539,Tshikapa,CD,-6.4167,20.8,69.04,95,100,1.23,overcast clouds
540,Novo Aripuana,BR,-5.1206,-60.3797,73.17,98,93,1.88,moderate rain
541,Aquiraz,BR,-3.9014,-38.3911,82.18,81,2,6.55,clear sky
542,Delcevo,MK,41.9672,22.7694,34.66,93,8,3.13,clear sky
543,Broken Hill,AU,-31.95,141.4333,82.11,28,40,12.66,scattered clouds
544,Bronnoysund,NO,65.4625,12.1997,29.66,68,98,7.67,overcast clouds
545,Mulanje,MW,-16.0316,35.5,67.37,99,48,1.79,scattered clouds
546,Abu Samrah,SY,35.3029,37.1841,47.41,89,91,7.11,overcast clouds
547,Buchanan,LR,5.8808,-10.0467,77.54,87,90,5.46,light rain
548,Antalaha,MG,-14.9003,50.2788,74.95,84,41,4.25,scattered clouds
549,Marystown,CA,47.1666,-55.1483,19.85,100,91,11.52,overcast clouds
550,Singarayakonda,IN,15.25,80.0333,77.14,67,81,3.33,broken clouds
551,Piacabucu,BR,-10.4056,-36.4344,78.21,81,9,8.14,clear sky
552,Noyabrsk,RU,63.1994,75.4507,-15.09,100,71,6.96,broken clouds
553,Kletnya,RU,53.3897,33.2171,30.36,94,100,11.32,light snow
554,Karratha,AU,-20.7377,116.8463,90.97,58,65,10.78,broken clouds
555,Saryozek,KZ,44.3583,77.9753,29.62,98,100,5.41,snow
556,Lyubech,UA,51.7026,30.6569,29.77,95,100,12.17,overcast clouds
557,San Jose,US,37.3394,-121.895,60.85,55,0,3.44,clear sky
558,Itaqui,BR,-29.1253,-56.5531,64.62,40,0,8.23,clear sky
559,Katobu,ID,-4.9408,122.5276,85.3,68,99,7.45,overcast clouds
560,Popova,RU,42.9603,131.7228,17.69,58,2,5.23,clear sky
561,Susehri,TR,40.1644,38.0867,13.41,96,57,0.85,broken clouds
562,Dhaka,BD,23.7104,90.4074,60.78,82,0,4.61,mist
563,Mabaruma,GY,8.2,-59.7833,72.95,98,100,2.71,overcast clouds
564,Asilah,MA,35.465,-6.0348,58.96,85,0,14.92,clear sky
565,Enshi,CN,30.3,109.4833,36.72,98,89,0.29,overcast clouds
566,Vao,NC,-22.6667,167.4833,80.89,82,42,11.63,scattered clouds
567,Samarai,PG,-10.6167,150.6667,85.35,70,88,11.61,overcast clouds
568,Kiruna,SE,67.8557,20.2251,16.72,93,100,5.75,overcast clouds
569,Yazoo City,US,32.8551,-90.4056,40.75,62,0,4.27,clear sky
570,Yoichi,JP,43.2039,140.7703,29.48,72,100,14.34,light snow
571,Trang,TH,7.5,99.5,86.67,56,100,6.46,overcast clouds
572,Lorengau,PG,-2.0226,147.2712,83.64,76,99,7.54,overcast clouds
573,Andrews,US,32.3187,-102.5457,45.05,42,0,13.8,clear sky
574,Isangel,VU,-19.55,169.2667,79.25,92,100,18.48,moderate rain
575,Prince Rupert,CA,54.3161,-130.3201,44.69,81,100,18.41,light rain
